model,horizon_years,n_forecasts,ME,MPE,MAE,RMSE,MAPE
EIA,3,11,20.438661083752194,0.3302049551508249,26.006071723260888,34.9740078371918,0.3882046300742612
EIA,5,9,26.641034269598354,0.36514285245028866,28.086860573017432,34.32160291782032,0.38062924476169996
Martingale,3,11,17.250898288596048,0.27553908569173635,31.65670207866193,42.98920431822158,0.4380446064386877
Martingale,5,9,13.794846014191515,0.24810167956805915,38.901807564168244,47.341602115490296,0.512064445404383
