model,horizon_years,n_forecasts,ME,MPE,MAE,RMSE,MAPE
Bias-Corrected EIA,3,10,-27.92887791550198,-0.3152927331882665,29.255237402412217,33.65029849100219,0.3407087508940442
Bias-Corrected EIA,5,8,-19.332196722422967,-0.21239809464921564,20.533071319924847,25.35856690522865,0.2354095408926669
